0.png,0,0,1
1.png,0,0,1
2.png,0,1,0
3.png,0,1,0
4.png,0,0,1
5.png,0,0,0
6.png,0,0,1
7.png,0,0,0
8.png,0,1,0
9.jpg,1,1,0
10.png,0,0,1
11.png,0,0,1
12.png,0,0,1
13.png,0,1,0
14.png,0,0,1
15.png,0,1,0
16.png,0,0,1
17.png,0,1,0
18.png,0,1,0
19.png,0,1,0
20.png,0,0,1
21.png,0,0,1
22.png,0,0,1
23.png,0,0,0
24.png,0,1,0
25.png,0,0,1
26.png,0,0,1
27.png,0,1,0
28.png,0,1,0
29.png,0,0,1
30.png,0,0,1
31.png,0,0,0
32.png,0,0,1
33.png,0,0,1
34.png,0,0,0
35.png,0,1,0
36.png,0,0,1
37.png,0,0,0
38.png,0,0,1
39.jpg,1,1,0
40.png,0,1,0
41.png,0,0,1
42.png,0,0,1
43.png,0,0,1
44.png,0,1,0
45.png,0,1,0
46.png,0,0,1
47.png,0,0,1
48.png,0,0,1
49.png,0,0,1
50.png,0,1,0
51.png,0,1,0
52.png,0,1,0
53.png,0,0,1
54.png,0,0,1
55.png,0,0,1
56.png,0,0,1
57.png,0,0,1
58.png,0,0,1
59.png,0,0,1
60.png,0,0,0
61.png,0,0,0
62.png,0,0,1
63.png,0,0,1
64.png,0,0,0
65.png,0,0,1
66.png,0,0,0
67.png,0,1,0
68.png,0,1,0
69.png,0,1,0
70.png,0,0,1
71.png,0,0,0
72.png,0,0,1
73.png,0,0,1
74.png,0,0,1
75.png,0,0,0
76.png,0,1,0
77.png,0,0,1
78.png,0,1,0
79.png,0,0,1
80.png,0,1,0
81.png,0,1,0
82.png,0,0,1
83.png,0,0,1
84.png,0,0,1
85.png,0,1,0
86.png,0,1,0
87.png,0,1,0
88.png,0,0,0
89.png,0,1,0
90.png,0,1,0
91.png,0,0,1
92.png,0,0,1
93.png,0,0,1
94.png,0,0,1
95.png,0,0,1
96.png,0,1,0
97.png,0,1,0
98.png,0,0,1
99.png,0,0,1
100.png,0,0,0
101.png,0,0,1
102.png,0,0,1
103.png,0,0,1
104.jpg,0,1,0
105.jpg,1,1,0
106.png,0,0,1
107.png,0,0,1
108.png,0,1,0
109.png,0,0,1
110.png,0,1,0
111.png,0,1,0
112.png,0,0,1
113.png,0,0,1
114.png,0,1,0
115.png,0,1,0
116.png,0,0,1
117.png,0,0,1
118.png,0,0,1
119.png,0,1,0
120.png,0,1,0
121.png,0,0,1
122.png,0,0,0
123.png,0,0,1
124.png,0,1,0
125.png,0,0,1
126.png,0,0,1
127.png,0,0,1
128.png,0,0,1
129.png,0,1,0
130.png,0,0,1
131.png,0,0,0
132.png,0,1,0
133.png,0,0,1
134.png,0,0,1
135.png,1,1,0
136.png,0,1,0
137.png,0,0,1
138.png,0,1,0
139.png,0,0,1
140.png,0,0,1
141.png,0,0,1
142.png,0,0,1
143.png,0,0,1
144.png,0,0,1
145.png,0,1,0
146.png,0,0,1
147.png,0,1,0
148.png,0,0,1
149.jpg,1,1,0
150.png,0,1,0
151.png,0,0,1
152.png,0,1,0
153.png,0,0,1
154.png,0,0,1
155.png,0,0,1
156.png,0,0,1
157.png,0,0,1
158.png,0,0,1
159.png,0,0,1
160.png,0,0,0
161.png,0,0,1
162.png,0,0,1
163.png,0,0,1
164.png,0,1,0
165.png,0,0,1
166.png,0,0,1
167.png,0,0,1
168.png,0,0,1
169.png,0,0,1
170.png,0,0,1
171.png,0,1,0
172.png,0,0,1
173.png,0,0,1
174.png,0,0,1
175.png,0,0,1
176.png,0,0,1
177.png,0,0,1
178.jpg,0,0,1
179.png,0,0,1
180.png,0,0,1
181.png,0,1,0
182.png,0,1,0
183.png,0,1,0
184.png,0,1,0
185.png,0,0,1
186.png,0,1,0
187.png,0,0,1
188.png,0,0,1
189.png,0,0,1
190.png,0,0,1
191.png,0,0,1
192.png,0,0,1
193.png,0,0,1
194.png,0,1,0
195.png,0,0,1
196.png,0,0,1
197.png,0,0,0
198.png,0,1,0
199.png,0,0,0
200.png,0,0,1
201.png,0,1,0
202.png,0,0,1
203.png,0,0,0
204.png,0,1,0
205.png,0,0,1
206.png,0,0,1
207.png,0,0,1
208.png,1,1,0
209.png,0,1,0
210.png,0,1,0
211.png,0,1,0
212.png,0,0,1
213.png,0,0,1
214.jpg,1,1,0
215.png,0,1,0
216.png,0,1,0
217.png,0,0,1
218.png,0,0,1
219.png,0,1,0
220.png,0,0,1
221.png,0,0,1
222.png,0,0,1
223.png,0,1,0
224.png,0,0,1
225.png,0,0,0
226.png,0,0,1
227.png,0,0,1
228.png,0,1,0
229.jpg,1,1,0
230.jpg,1,1,0
231.png,0,0,1
232.png,0,0,1
233.png,0,0,1
234.png,0,0,1
235.png,0,0,1
236.png,0,0,1
237.png,0,0,1
238.png,0,0,1
239.png,0,1,0
240.png,0,1,0
241.png,0,0,1
242.png,0,0,1
243.png,0,0,0
244.png,0,0,1
245.png,0,0,1
246.png,0,0,1
247.png,0,0,1
248.png,0,0,1
249.png,0,0,1
250.png,0,1,0
251.png,0,1,0
252.png,0,0,1
253.png,0,0,0
254.png,0,1,0
255.png,0,1,0
256.png,0,0,1
257.png,0,0,0
258.png,0,1,0
259.png,0,0,0
260.png,0,0,1
261.png,0,0,1
262.png,0,1,0
263.png,0,1,0
264.png,0,0,1
265.png,0,0,1
266.jpg,1,1,0
267.png,0,0,1
268.png,0,0,1
269.png,0,0,1
270.png,0,0,1
271.png,0,0,1
272.png,0,1,0
273.png,0,0,1
274.png,0,0,1
275.png,0,1,0
276.png,0,0,1
277.png,0,1,0
278.png,0,0,1
279.png,0,0,1
280.png,0,0,1
281.png,0,0,1
282.png,0,1,0
283.png,0,1,0
284.png,0,0,1
285.png,0,0,1
286.png,0,0,0
287.png,0,0,1
288.png,0,1,0
289.png,0,0,1
290.png,0,1,0
291.png,0,0,1
292.png,0,0,1
293.png,0,0,1
294.png,0,1,0
295.png,0,1,0
296.png,0,0,1
297.png,0,0,1
298.png,0,1,0
299.png,0,1,0
300.png,0,0,1
301.png,0,1,0
302.png,0,1,0
303.png,0,1,0
304.png,0,1,0
305.png,0,0,1
306.png,0,0,1
307.png,0,0,1
308.png,0,1,0
309.png,0,0,0
310.png,0,0,1
311.png,0,0,1
312.png,0,0,1
313.png,1,1,0
314.png,0,1,0
315.png,0,0,1
316.png,0,0,1
317.png,0,0,1
318.png,0,0,1
319.png,0,0,1
320.png,0,1,0
321.png,0,0,1
322.png,0,1,0
323.jpg,1,1,0
324.png,0,0,1
325.png,0,1,0
326.png,0,0,1
327.png,0,1,0
328.png,0,0,1
329.png,0,1,0
330.png,0,0,1
331.png,0,0,1
332.png,0,0,1
333.png,0,1,0
334.png,0,0,1
335.png,0,0,0
336.png,0,1,0
337.png,0,0,1
338.png,0,0,1
339.png,0,0,1
340.png,0,0,1
341.png,0,0,1
342.png,0,0,1
343.png,0,0,1
344.png,0,0,1
345.png,0,1,0
346.png,0,1,0
347.png,0,0,1
348.png,0,0,1
349.png,0,0,1
350.png,0,1,0
351.png,0,0,1
352.png,0,0,1
353.png,0,1,0
354.png,0,0,1
355.png,0,0,1
356.png,0,1,0
357.png,0,0,1
358.png,0,0,1
359.png,0,0,1
360.png,0,0,1
361.png,0,1,0
362.png,0,0,1
363.png,0,0,1
364.png,0,1,0
365.png,0,0,1
366.png,0,0,1
367.png,0,0,1
368.png,0,0,1
369.png,0,1,0
370.png,0,0,1
371.png,0,0,1
372.png,0,0,1
373.png,0,0,1
374.png,0,0,1
375.png,0,0,1
376.png,0,0,1
377.png,0,0,1
378.png,0,0,1
379.png,0,0,1
380.png,0,0,1
381.png,0,1,0
382.png,0,1,0
383.png,0,0,0
384.png,0,1,0
385.png,0,0,1
386.png,0,0,1
387.png,0,0,1
388.png,0,0,1
389.png,0,0,1
390.png,0,0,1
391.png,0,1,0
392.png,0,1,0
393.png,0,1,0
394.png,0,0,1
395.png,0,0,1
396.png,0,0,0
397.png,0,0,1
398.png,0,1,0
399.png,0,0,0
400.png,0,1,0
401.png,0,0,1
402.png,0,0,1
403.png,0,1,0
404.png,0,0,1
405.png,0,0,1
406.png,0,0,1
407.png,0,0,1
408.png,0,1,0
409.png,0,1,0
410.jpg,1,1,0
411.png,0,0,0
412.png,0,0,1
413.png,0,0,1
414.png,0,0,1
415.jpg,1,1,0
416.png,0,0,1
417.png,0,1,0
418.png,0,0,1
419.png,0,1,0
420.png,0,0,1
421.png,0,0,1
422.png,0,0,1
423.png,0,0,1
424.png,0,0,1
425.png,0,0,1
426.png,0,0,1
427.png,0,0,1
428.png,0,1,0
429.png,0,1,0
430.png,0,0,1
431.png,0,1,0
432.png,0,0,1
433.png,0,1,0
434.png,0,0,0
435.png,0,0,1
436.png,0,0,1
437.jpg,1,1,0
438.png,0,1,0
439.png,0,0,1
440.png,0,0,0
441.png,0,1,0
442.png,0,0,1
443.png,0,0,1
444.png,0,0,1
445.png,0,0,1
446.png,0,0,1
447.png,0,0,1
448.png,0,0,1
449.png,0,0,1
450.png,0,0,1
451.png,0,0,1
452.png,0,0,1
453.png,0,0,1
454.png,0,0,1
455.png,0,0,1
456.png,0,1,0
457.png,0,0,1
458.png,0,0,1
459.png,0,0,1
460.png,0,1,0
461.png,0,0,1
462.png,0,1,0
463.png,0,0,0
464.png,0,0,1
465.png,0,0,1
466.png,0,0,1
467.png,0,1,0
468.png,0,0,1
469.png,0,0,1
470.png,0,1,0
471.png,0,1,0
472.png,0,1,0
473.png,0,0,1
474.jpg,1,1,0
475.png,0,0,0
476.png,0,0,1
477.png,0,0,0
478.png,0,0,1
479.png,0,1,0
480.png,0,1,0
481.png,0,0,1
482.png,0,0,1
483.png,0,0,1
484.png,0,1,0
485.png,0,0,1
486.png,0,0,1
487.png,0,0,1
488.png,0,1,0
489.png,0,0,1
490.png,0,0,1
491.png,0,0,0
492.png,0,1,0
493.png,0,0,1
494.png,0,0,1
495.png,0,0,1
496.png,0,0,1
497.png,0,0,1
498.png,0,1,0
499.png,0,1,0
500.png,0,0,1
501.png,0,0,1
502.png,0,0,1
503.png,0,0,1
504.png,0,1,0
505.png,0,0,1
506.png,0,0,1
507.png,0,0,1
508.png,0,1,0
509.png,0,0,1
510.png,0,0,0
511.png,0,0,1
512.jpg,1,1,0
513.png,0,0,1
514.png,0,1,0
515.png,0,1,0
516.png,0,0,1
517.png,0,0,1
518.png,0,0,1
519.png,0,1,0
520.png,0,0,1
521.png,0,1,0
522.png,0,0,1
523.png,0,1,0
524.jpg,1,1,0
525.png,0,1,0
526.png,0,0,1
527.jpg,1,1,0
528.png,0,0,1
529.png,0,0,1
530.png,0,1,0
531.png,0,0,1
532.png,0,1,0
533.jpg,1,1,0
534.png,0,0,1
535.png,0,1,0
536.png,0,0,1
537.png,0,1,0
538.png,0,0,0
539.png,0,0,1
540.png,0,0,1
541.png,0,0,1
542.png,0,0,1
543.png,0,0,1
544.png,0,0,1
545.png,0,1,0
546.png,0,0,1
547.png,0,0,1
548.png,0,0,1
549.png,0,0,1
550.png,0,0,1
551.png,0,0,1
552.png,0,1,0
553.png,0,1,0
554.png,0,0,1
555.png,0,1,0
556.png,0,0,1
557.png,0,0,0
558.png,0,0,1
559.png,0,0,0
560.png,0,0,0
561.png,0,1,0
562.png,0,0,1
563.png,0,1,0
564.png,0,1,0
565.png,0,0,1
566.png,0,0,1
567.png,0,0,1
568.png,0,0,1
569.png,0,0,1
570.png,0,0,1
571.png,0,0,1
572.png,0,0,1
573.png,0,0,1
574.png,0,0,1
575.png,0,1,0
576.png,0,1,0
577.png,0,1,0
578.png,0,0,1
579.png,0,0,1
580.png,0,0,0
581.png,0,1,0
582.png,0,1,0
583.png,0,1,0
584.png,0,0,1
585.png,0,0,1
586.jpg,1,1,0
587.png,0,0,1
588.png,0,0,1
589.png,0,0,1
590.png,0,1,0
591.png,0,0,0
592.png,0,1,0
593.png,0,1,0
594.jpg,1,1,0
595.png,0,1,0
596.png,0,0,1
597.png,0,0,0
598.png,0,0,1
599.png,0,1,0
600.png,0,0,1
601.png,0,0,1
602.png,0,0,1
603.png,0,0,1
604.png,0,0,1
605.jpg,0,1,0
606.png,0,0,1
607.png,0,0,1
608.png,0,0,1
609.jpg,1,1,0
610.png,0,0,1
611.png,0,0,1
612.png,0,1,0
613.png,0,1,0
614.png,0,0,1
615.png,0,0,1
616.png,0,1,0
617.png,0,0,1
618.png,0,0,1
619.png,0,0,1
620.png,0,1,0
621.png,0,1,0
622.png,0,0,1
623.png,0,0,1
624.png,0,0,1
625.png,0,0,1
626.png,0,1,0
627.png,0,1,0
628.png,0,0,1
